{
    "counter": {
        "ACTIVE": 20327,
        "INACTIVE": 394,
        "INVALID": 0,
        "MALICIOUS": 0,
        "SANE": 0,
        "VALID": 0,
        "total": 20721
    },
    "percentage": {
        "ACTIVE": 98.09854736740505,
        "INACTIVE": 1.9025544449273264,
        "INVALID": 0,
        "MALICIOUS": 0,
        "SANE": 0,
        "VALID": 0,
        "total": 100.00110181233238
    }
}