{
    "counter": {
        "ACTIVE": 22489,
        "INACTIVE": 521,
        "INVALID": 0,
        "MALICIOUS": 0,
        "SANE": 0,
        "VALID": 0,
        "total": 23010
    },
    "percentage": {
        "ACTIVE": 97.73576705780096,
        "INACTIVE": 2.264429763560501,
        "INVALID": 0,
        "MALICIOUS": 0,
        "SANE": 0,
        "VALID": 0,
        "total": 100.00019682136146
    }
}