{
    "counter": {
        "ACTIVE": 1045,
        "INACTIVE": 19,
        "INVALID": 0,
        "MALICIOUS": 0,
        "SANE": 0,
        "VALID": 0,
        "total": 1064
    },
    "percentage": {
        "ACTIVE": 98.21428571428571,
        "INACTIVE": 1.958762886597938,
        "INVALID": 0,
        "MALICIOUS": 0,
        "SANE": 0,
        "VALID": 0,
        "total": 100.17304860088365
    }
}