{
    "counter": {
        "ACTIVE": 16518,
        "INACTIVE": 303,
        "INVALID": 0,
        "MALICIOUS": 0,
        "SANE": 0,
        "VALID": 0,
        "total": 16821
    },
    "percentage": {
        "ACTIVE": 98.20451843043995,
        "INACTIVE": 1.8013197788478688,
        "INVALID": 0,
        "MALICIOUS": 0,
        "SANE": 0,
        "VALID": 0,
        "total": 100.00583820928782
    }
}