{
    "counter": {
        "ACTIVE": 14029,
        "INACTIVE": 118,
        "INVALID": 0,
        "MALICIOUS": 0,
        "SANE": 0,
        "VALID": 0,
        "total": 14147
    },
    "percentage": {
        "ACTIVE": 99.16590089771682,
        "INACTIVE": 0.8352799603595951,
        "INVALID": 0,
        "MALICIOUS": 0,
        "SANE": 0,
        "VALID": 0,
        "total": 100.00118085807642
    }
}