{
    "counter": {
        "ACTIVE": 9171,
        "INACTIVE": 19,
        "INVALID": 0,
        "MALICIOUS": 0,
        "SANE": 0,
        "VALID": 0,
        "total": 9190
    },
    "percentage": {
        "ACTIVE": 99.79325353645267,
        "INACTIVE": 1.958762886597938,
        "INVALID": 0,
        "MALICIOUS": 0,
        "SANE": 0,
        "VALID": 0,
        "total": 101.7520164230506
    }
}