{
    "counter": {
        "ACTIVE": 15831,
        "INACTIVE": 248,
        "INVALID": 0,
        "MALICIOUS": 0,
        "SANE": 0,
        "VALID": 0,
        "total": 16079
    },
    "percentage": {
        "ACTIVE": 98.45761552335344,
        "INACTIVE": 1.5454602106312707,
        "INVALID": 0,
        "MALICIOUS": 0,
        "SANE": 0,
        "VALID": 0,
        "total": 100.00307573398472
    }
}