{
    "counter": {
        "ACTIVE": 10089,
        "INACTIVE": 19,
        "INVALID": 0,
        "MALICIOUS": 0,
        "SANE": 0,
        "VALID": 0,
        "total": 10108
    },
    "percentage": {
        "ACTIVE": 99.81203007518798,
        "INACTIVE": 1.958762886597938,
        "INVALID": 0,
        "MALICIOUS": 0,
        "SANE": 0,
        "VALID": 0,
        "total": 101.77079296178592
    }
}