{
    "counter": {
        "ACTIVE": 16645,
        "INACTIVE": 322,
        "INVALID": 0,
        "MALICIOUS": 0,
        "SANE": 0,
        "VALID": 0,
        "total": 16967
    },
    "percentage": {
        "ACTIVE": 98.1021983851005,
        "INACTIVE": 1.8980253463012084,
        "INVALID": 0,
        "MALICIOUS": 0,
        "SANE": 0,
        "VALID": 0,
        "total": 100.0002237314017
    }
}