{
    "counter": {
        "ACTIVE": 13709,
        "INACTIVE": 105,
        "INVALID": 0,
        "MALICIOUS": 0,
        "SANE": 0,
        "VALID": 0,
        "total": 13814
    },
    "percentage": {
        "ACTIVE": 99.23990154915303,
        "INACTIVE": 0.7612557094178206,
        "INVALID": 0,
        "MALICIOUS": 0,
        "SANE": 0,
        "VALID": 0,
        "total": 100.00115725857086
    }
}