{
    "counter": {
        "ACTIVE": 23432,
        "INACTIVE": 562,
        "INVALID": 0,
        "MALICIOUS": 0,
        "SANE": 0,
        "VALID": 0,
        "total": 23994
    },
    "percentage": {
        "ACTIVE": 97.6577477702759,
        "INACTIVE": 2.3424474824941646,
        "INVALID": 0,
        "MALICIOUS": 0,
        "SANE": 0,
        "VALID": 0,
        "total": 100.00019525277007
    }
}