{
    "counter": {
        "ACTIVE": 8541,
        "INACTIVE": 19,
        "INVALID": 0,
        "MALICIOUS": 0,
        "SANE": 0,
        "VALID": 0,
        "total": 8560
    },
    "percentage": {
        "ACTIVE": 99.77803738317758,
        "INACTIVE": 1.958762886597938,
        "INVALID": 0,
        "MALICIOUS": 0,
        "SANE": 0,
        "VALID": 0,
        "total": 101.73680026977551
    }
}