{
    "counter": {
        "ACTIVE": 10875,
        "INACTIVE": 19,
        "INVALID": 0,
        "MALICIOUS": 0,
        "SANE": 0,
        "VALID": 0,
        "total": 10894
    },
    "percentage": {
        "ACTIVE": 99.82559206902883,
        "INACTIVE": 1.958762886597938,
        "INVALID": 0,
        "MALICIOUS": 0,
        "SANE": 0,
        "VALID": 0,
        "total": 101.78435495562677
    }
}