{
    "counter": {
        "ACTIVE": 20180,
        "INACTIVE": 380,
        "INVALID": 0,
        "MALICIOUS": 0,
        "SANE": 0,
        "VALID": 0,
        "total": 20560
    },
    "percentage": {
        "ACTIVE": 98.15175097276264,
        "INACTIVE": 1.8486086787312708,
        "INVALID": 0,
        "MALICIOUS": 0,
        "SANE": 0,
        "VALID": 0,
        "total": 100.00035965149391
    }
}