{
    "counter": {
        "ACTIVE": 14797,
        "INACTIVE": 175,
        "INVALID": 0,
        "MALICIOUS": 0,
        "SANE": 0,
        "VALID": 0,
        "total": 14972
    },
    "percentage": {
        "ACTIVE": 98.83115148276784,
        "INACTIVE": 1.1692389924500568,
        "INVALID": 0,
        "MALICIOUS": 0,
        "SANE": 0,
        "VALID": 0,
        "total": 100.0003904752179
    }
}