{
    "counter": {
        "ACTIVE": 9626,
        "INACTIVE": 19,
        "INVALID": 0,
        "MALICIOUS": 0,
        "SANE": 0,
        "VALID": 0,
        "total": 9645
    },
    "percentage": {
        "ACTIVE": 99.80300673924313,
        "INACTIVE": 1.958762886597938,
        "INVALID": 0,
        "MALICIOUS": 0,
        "SANE": 0,
        "VALID": 0,
        "total": 101.76176962584107
    }
}