{
    "counter": {
        "ACTIVE": 15415,
        "INACTIVE": 203,
        "INVALID": 0,
        "MALICIOUS": 0,
        "SANE": 0,
        "VALID": 0,
        "total": 15618
    },
    "percentage": {
        "ACTIVE": 98.70021769752849,
        "INACTIVE": 1.3001152811579353,
        "INVALID": 0,
        "MALICIOUS": 0,
        "SANE": 0,
        "VALID": 0,
        "total": 100.00033297868642
    }
}