{
    "counter": {
        "ACTIVE": 6490,
        "INACTIVE": 19,
        "INVALID": 0,
        "MALICIOUS": 0,
        "SANE": 0,
        "VALID": 0,
        "total": 6509
    },
    "percentage": {
        "ACTIVE": 99.70809648179444,
        "INACTIVE": 1.958762886597938,
        "INVALID": 0,
        "MALICIOUS": 0,
        "SANE": 0,
        "VALID": 0,
        "total": 101.66685936839238
    }
}