{
    "counter": {
        "ACTIVE": 15566,
        "INACTIVE": 221,
        "INVALID": 0,
        "MALICIOUS": 0,
        "SANE": 0,
        "VALID": 0,
        "total": 15787
    },
    "percentage": {
        "ACTIVE": 98.6001140178628,
        "INACTIVE": 1.4027292922881625,
        "INVALID": 0,
        "MALICIOUS": 0,
        "SANE": 0,
        "VALID": 0,
        "total": 100.00284331015095
    }
}