{
    "counter": {
        "ACTIVE": 25208,
        "INACTIVE": 766,
        "INVALID": 0,
        "MALICIOUS": 0,
        "SANE": 0,
        "VALID": 0,
        "total": 25974
    },
    "percentage": {
        "ACTIVE": 97.05089705089705,
        "INACTIVE": 2.9501251684960526,
        "INVALID": 0,
        "MALICIOUS": 0,
        "SANE": 0,
        "VALID": 0,
        "total": 100.0010222193931
    }
}