{
    "counter": {
        "ACTIVE": 686,
        "INACTIVE": 12,
        "INVALID": 0,
        "MALICIOUS": 0,
        "SANE": 0,
        "VALID": 0,
        "total": 698
    },
    "percentage": {
        "ACTIVE": 98.28080229226362,
        "INACTIVE": 2.0168067226890756,
        "INVALID": 0,
        "MALICIOUS": 0,
        "SANE": 0,
        "VALID": 0,
        "total": 100.29760901495268
    }
}