{
    "counter": {
        "ACTIVE": 10718,
        "INACTIVE": 19,
        "INVALID": 0,
        "MALICIOUS": 0,
        "SANE": 0,
        "VALID": 0,
        "total": 10737
    },
    "percentage": {
        "ACTIVE": 99.82304181801248,
        "INACTIVE": 1.958762886597938,
        "INVALID": 0,
        "MALICIOUS": 0,
        "SANE": 0,
        "VALID": 0,
        "total": 101.78180470461042
    }
}