{
    "counter": {
        "ACTIVE": 25361,
        "INACTIVE": 780,
        "INVALID": 0,
        "MALICIOUS": 0,
        "SANE": 0,
        "VALID": 0,
        "total": 26141
    },
    "percentage": {
        "ACTIVE": 97.01618147737271,
        "INACTIVE": 2.9865604778496766,
        "INVALID": 0,
        "MALICIOUS": 0,
        "SANE": 0,
        "VALID": 0,
        "total": 100.00274195522239
    }
}