{
    "counter": {
        "ACTIVE": 17178,
        "INACTIVE": 359,
        "INVALID": 0,
        "MALICIOUS": 0,
        "SANE": 0,
        "VALID": 0,
        "total": 17537
    },
    "percentage": {
        "ACTIVE": 97.95289958373723,
        "INACTIVE": 2.0524841346978446,
        "INVALID": 0,
        "MALICIOUS": 0,
        "SANE": 0,
        "VALID": 0,
        "total": 100.00538371843508
    }
}