{
    "counter": {
        "ACTIVE": 3925,
        "INACTIVE": 19,
        "INVALID": 0,
        "MALICIOUS": 0,
        "SANE": 0,
        "VALID": 0,
        "total": 3944
    },
    "percentage": {
        "ACTIVE": 99.5182555780933,
        "INACTIVE": 1.958762886597938,
        "INVALID": 0,
        "MALICIOUS": 0,
        "SANE": 0,
        "VALID": 0,
        "total": 101.47701846469124
    }
}