{
    "counter": {
        "ACTIVE": 15275,
        "INACTIVE": 193,
        "INVALID": 0,
        "MALICIOUS": 0,
        "SANE": 0,
        "VALID": 0,
        "total": 15468
    },
    "percentage": {
        "ACTIVE": 98.75226273597103,
        "INACTIVE": 1.253409533705676,
        "INVALID": 0,
        "MALICIOUS": 0,
        "SANE": 0,
        "VALID": 0,
        "total": 100.00567226967671
    }
}