{
    "counter": {
        "ACTIVE": 11334,
        "INACTIVE": 19,
        "INVALID": 0,
        "MALICIOUS": 0,
        "SANE": 0,
        "VALID": 0,
        "total": 11353
    },
    "percentage": {
        "ACTIVE": 99.83264335417951,
        "INACTIVE": 1.958762886597938,
        "INVALID": 0,
        "MALICIOUS": 0,
        "SANE": 0,
        "VALID": 0,
        "total": 101.79140624077745
    }
}