{
    "counter": {
        "ACTIVE": 7754,
        "INACTIVE": 19,
        "INVALID": 0,
        "MALICIOUS": 0,
        "SANE": 0,
        "VALID": 0,
        "total": 7773
    },
    "percentage": {
        "ACTIVE": 99.75556413225267,
        "INACTIVE": 1.958762886597938,
        "INVALID": 0,
        "MALICIOUS": 0,
        "SANE": 0,
        "VALID": 0,
        "total": 101.71432701885061
    }
}