{
    "counter": {
        "ACTIVE": 25622,
        "INACTIVE": 788,
        "INVALID": 0,
        "MALICIOUS": 0,
        "SANE": 0,
        "VALID": 0,
        "total": 26410
    },
    "percentage": {
        "ACTIVE": 97.01628171147293,
        "INACTIVE": 2.9931249287803396,
        "INVALID": 0,
        "MALICIOUS": 0,
        "SANE": 0,
        "VALID": 0,
        "total": 100.00940664025327
    }
}