{
    "counter": {
        "ACTIVE": 6336,
        "INACTIVE": 19,
        "INVALID": 0,
        "MALICIOUS": 0,
        "SANE": 0,
        "VALID": 0,
        "total": 6355
    },
    "percentage": {
        "ACTIVE": 99.70102281667978,
        "INACTIVE": 1.958762886597938,
        "INVALID": 0,
        "MALICIOUS": 0,
        "SANE": 0,
        "VALID": 0,
        "total": 101.65978570327772
    }
}