{
    "counter": {
        "ACTIVE": 13398,
        "INACTIVE": 87,
        "INVALID": 0,
        "MALICIOUS": 0,
        "SANE": 0,
        "VALID": 0,
        "total": 13485
    },
    "percentage": {
        "ACTIVE": 99.36220706021952,
        "INACTIVE": 0.6451612903225806,
        "INVALID": 0,
        "MALICIOUS": 0,
        "SANE": 0,
        "VALID": 0,
        "total": 100.0073683505421
    }
}