{
    "counter": {
        "ACTIVE": 26084,
        "INACTIVE": 807,
        "INVALID": 0,
        "MALICIOUS": 0,
        "SANE": 0,
        "VALID": 0,
        "total": 26891
    },
    "percentage": {
        "ACTIVE": 96.99899594659924,
        "INACTIVE": 3.0023438371963245,
        "INVALID": 0,
        "MALICIOUS": 0,
        "SANE": 0,
        "VALID": 0,
        "total": 100.00133978379556
    }
}