{
    "counter": {
        "ACTIVE": 27951,
        "INACTIVE": 1054,
        "INVALID": 0,
        "MALICIOUS": 0,
        "SANE": 0,
        "VALID": 0,
        "total": 29005
    },
    "percentage": {
        "ACTIVE": 96.36614376831581,
        "INACTIVE": 3.6347334298917167,
        "INVALID": 0,
        "MALICIOUS": 0,
        "SANE": 0,
        "VALID": 0,
        "total": 100.00087719820752
    }
}