{
    "counter": {
        "ACTIVE": 23946,
        "INACTIVE": 620,
        "INVALID": 0,
        "MALICIOUS": 0,
        "SANE": 0,
        "VALID": 0,
        "total": 24566
    },
    "percentage": {
        "ACTIVE": 97.47618659936498,
        "INACTIVE": 2.525869795486026,
        "INVALID": 0,
        "MALICIOUS": 0,
        "SANE": 0,
        "VALID": 0,
        "total": 100.00205639485101
    }
}