{
    "counter": {
        "ACTIVE": 5382,
        "INACTIVE": 19,
        "INVALID": 0,
        "MALICIOUS": 0,
        "SANE": 0,
        "VALID": 0,
        "total": 5401
    },
    "percentage": {
        "ACTIVE": 99.64821329383447,
        "INACTIVE": 1.958762886597938,
        "INVALID": 0,
        "MALICIOUS": 0,
        "SANE": 0,
        "VALID": 0,
        "total": 101.60697618043241
    }
}