{
    "counter": {
        "ACTIVE": 7296,
        "INACTIVE": 19,
        "INVALID": 0,
        "MALICIOUS": 0,
        "SANE": 0,
        "VALID": 0,
        "total": 7315
    },
    "percentage": {
        "ACTIVE": 99.74025974025975,
        "INACTIVE": 1.958762886597938,
        "INVALID": 0,
        "MALICIOUS": 0,
        "SANE": 0,
        "VALID": 0,
        "total": 101.69902262685768
    }
}