{
    "counter": {
        "ACTIVE": 1374,
        "INACTIVE": 19,
        "INVALID": 0,
        "MALICIOUS": 0,
        "SANE": 0,
        "VALID": 0,
        "total": 1393
    },
    "percentage": {
        "ACTIVE": 98.63603732950466,
        "INACTIVE": 1.958762886597938,
        "INVALID": 0,
        "MALICIOUS": 0,
        "SANE": 0,
        "VALID": 0,
        "total": 100.5948002161026
    }
}