{
    "counter": {
        "ACTIVE": 24540,
        "INACTIVE": 656,
        "INVALID": 0,
        "MALICIOUS": 0,
        "SANE": 0,
        "VALID": 0,
        "total": 25196
    },
    "percentage": {
        "ACTIVE": 97.39641212890935,
        "INACTIVE": 2.6053457246117797,
        "INVALID": 0,
        "MALICIOUS": 0,
        "SANE": 0,
        "VALID": 0,
        "total": 100.00175785352113
    }
}