{
    "counter": {
        "ACTIVE": 12836,
        "INACTIVE": 20,
        "INVALID": 0,
        "MALICIOUS": 0,
        "SANE": 0,
        "VALID": 0,
        "total": 12856
    },
    "percentage": {
        "ACTIVE": 99.84443061605477,
        "INACTIVE": 0.15601841017240034,
        "INVALID": 0,
        "MALICIOUS": 0,
        "SANE": 0,
        "VALID": 0,
        "total": 100.00044902622716
    }
}