{
    "counter": {
        "ACTIVE": 17316,
        "INACTIVE": 367,
        "INVALID": 0,
        "MALICIOUS": 0,
        "SANE": 0,
        "VALID": 0,
        "total": 17683
    },
    "percentage": {
        "ACTIVE": 97.92456031216423,
        "INACTIVE": 2.0767315527387957,
        "INVALID": 0,
        "MALICIOUS": 0,
        "SANE": 0,
        "VALID": 0,
        "total": 100.00129186490302
    }
}