{
    "counter": {
        "ACTIVE": 157,
        "INACTIVE": 2,
        "INVALID": 0,
        "MALICIOUS": 0,
        "SANE": 0,
        "VALID": 0,
        "total": 159
    },
    "percentage": {
        "ACTIVE": 98.74213836477988,
        "INACTIVE": 6.666666666666667,
        "INVALID": 0,
        "MALICIOUS": 0,
        "SANE": 0,
        "VALID": 0,
        "total": 105.40880503144655
    }
}