{
    "counter": {
        "ACTIVE": 12985,
        "INACTIVE": 29,
        "INVALID": 0,
        "MALICIOUS": 0,
        "SANE": 0,
        "VALID": 0,
        "total": 13014
    },
    "percentage": {
        "ACTIVE": 99.77716305517136,
        "INACTIVE": 0.22305976463348973,
        "INVALID": 0,
        "MALICIOUS": 0,
        "SANE": 0,
        "VALID": 0,
        "total": 100.00022281980485
    }
}