{
    "counter": {
        "ACTIVE": 11947,
        "INACTIVE": 19,
        "INVALID": 0,
        "MALICIOUS": 0,
        "SANE": 0,
        "VALID": 0,
        "total": 11966
    },
    "percentage": {
        "ACTIVE": 99.84121678087915,
        "INACTIVE": 1.958762886597938,
        "INVALID": 0,
        "MALICIOUS": 0,
        "SANE": 0,
        "VALID": 0,
        "total": 101.79997966747709
    }
}