{
    "counter": {
        "ACTIVE": 14944,
        "INACTIVE": 184,
        "INVALID": 0,
        "MALICIOUS": 0,
        "SANE": 0,
        "VALID": 0,
        "total": 15128
    },
    "percentage": {
        "ACTIVE": 98.783712321523,
        "INACTIVE": 1.2187851891104193,
        "INVALID": 0,
        "MALICIOUS": 0,
        "SANE": 0,
        "VALID": 0,
        "total": 100.00249751063342
    }
}