{
    "counter": {
        "ACTIVE": 23794,
        "INACTIVE": 609,
        "INVALID": 0,
        "MALICIOUS": 0,
        "SANE": 0,
        "VALID": 0,
        "total": 24403
    },
    "percentage": {
        "ACTIVE": 97.50440519608244,
        "INACTIVE": 2.4966178821793137,
        "INVALID": 0,
        "MALICIOUS": 0,
        "SANE": 0,
        "VALID": 0,
        "total": 100.00102307826175
    }
}