{
    "counter": {
        "ACTIVE": 22077,
        "INACTIVE": 486,
        "INVALID": 0,
        "MALICIOUS": 0,
        "SANE": 0,
        "VALID": 0,
        "total": 22563
    },
    "percentage": {
        "ACTIVE": 97.84603111288392,
        "INACTIVE": 2.154828411811652,
        "INVALID": 0,
        "MALICIOUS": 0,
        "SANE": 0,
        "VALID": 0,
        "total": 100.00085952469557
    }
}