{
    "counter": {
        "ACTIVE": 20462,
        "INACTIVE": 407,
        "INVALID": 0,
        "MALICIOUS": 0,
        "SANE": 0,
        "VALID": 0,
        "total": 20869
    },
    "percentage": {
        "ACTIVE": 98.04973884709378,
        "INACTIVE": 1.954287909344089,
        "INVALID": 0,
        "MALICIOUS": 0,
        "SANE": 0,
        "VALID": 0,
        "total": 100.00402675643787
    }
}