{
    "counter": {
        "ACTIVE": 2321,
        "INACTIVE": 19,
        "INVALID": 0,
        "MALICIOUS": 0,
        "SANE": 0,
        "VALID": 0,
        "total": 2340
    },
    "percentage": {
        "ACTIVE": 99.1880341880342,
        "INACTIVE": 1.958762886597938,
        "INVALID": 0,
        "MALICIOUS": 0,
        "SANE": 0,
        "VALID": 0,
        "total": 101.14679707463213
    }
}