{
    "counter": {
        "ACTIVE": 13561,
        "INACTIVE": 94,
        "INVALID": 0,
        "MALICIOUS": 0,
        "SANE": 0,
        "VALID": 0,
        "total": 13655
    },
    "percentage": {
        "ACTIVE": 99.31160746979128,
        "INACTIVE": 0.6897563839154681,
        "INVALID": 0,
        "MALICIOUS": 0,
        "SANE": 0,
        "VALID": 0,
        "total": 100.00136385370675
    }
}