{
    "counter": {
        "ACTIVE": 1695,
        "INACTIVE": 19,
        "INVALID": 0,
        "MALICIOUS": 0,
        "SANE": 0,
        "VALID": 0,
        "total": 1714
    },
    "percentage": {
        "ACTIVE": 98.89148191365227,
        "INACTIVE": 1.958762886597938,
        "INVALID": 0,
        "MALICIOUS": 0,
        "SANE": 0,
        "VALID": 0,
        "total": 100.85024480025021
    }
}