{
    "counter": {
        "ACTIVE": 24273,
        "INACTIVE": 631,
        "INVALID": 0,
        "MALICIOUS": 0,
        "SANE": 0,
        "VALID": 0,
        "total": 24904
    },
    "percentage": {
        "ACTIVE": 97.46627047863797,
        "INACTIVE": 2.539235412474849,
        "INVALID": 0,
        "MALICIOUS": 0,
        "SANE": 0,
        "VALID": 0,
        "total": 100.00550589111282
    }
}