{
    "counter": {
        "ACTIVE": 5862,
        "INACTIVE": 19,
        "INVALID": 0,
        "MALICIOUS": 0,
        "SANE": 0,
        "VALID": 0,
        "total": 5881
    },
    "percentage": {
        "ACTIVE": 99.67692569290936,
        "INACTIVE": 1.958762886597938,
        "INVALID": 0,
        "MALICIOUS": 0,
        "SANE": 0,
        "VALID": 0,
        "total": 101.6356885795073
    }
}