{
    "counter": {
        "ACTIVE": 23056,
        "INACTIVE": 551,
        "INVALID": 0,
        "MALICIOUS": 0,
        "SANE": 0,
        "VALID": 0,
        "total": 23607
    },
    "percentage": {
        "ACTIVE": 97.66594654128014,
        "INACTIVE": 2.342985925075477,
        "INVALID": 0,
        "MALICIOUS": 0,
        "SANE": 0,
        "VALID": 0,
        "total": 100.00893246635562
    }
}