{
    "counter": {
        "ACTIVE": 11186,
        "INACTIVE": 19,
        "INVALID": 0,
        "MALICIOUS": 0,
        "SANE": 0,
        "VALID": 0,
        "total": 11205
    },
    "percentage": {
        "ACTIVE": 99.83043284248103,
        "INACTIVE": 1.958762886597938,
        "INVALID": 0,
        "MALICIOUS": 0,
        "SANE": 0,
        "VALID": 0,
        "total": 101.78919572907897
    }
}