{
    "counter": {
        "ACTIVE": 27050,
        "INACTIVE": 987,
        "INVALID": 0,
        "MALICIOUS": 0,
        "SANE": 0,
        "VALID": 0,
        "total": 28037
    },
    "percentage": {
        "ACTIVE": 96.47965188857582,
        "INACTIVE": 3.5213528845124693,
        "INVALID": 0,
        "MALICIOUS": 0,
        "SANE": 0,
        "VALID": 0,
        "total": 100.00100477308828
    }
}