{
    "counter": {
        "ACTIVE": 24869,
        "INACTIVE": 686,
        "INVALID": 0,
        "MALICIOUS": 0,
        "SANE": 0,
        "VALID": 0,
        "total": 25555
    },
    "percentage": {
        "ACTIVE": 97.3155938172569,
        "INACTIVE": 2.6862983122528097,
        "INVALID": 0,
        "MALICIOUS": 0,
        "SANE": 0,
        "VALID": 0,
        "total": 100.00189212950971
    }
}