{
    "counter": {
        "ACTIVE": 21814,
        "INACTIVE": 472,
        "INVALID": 0,
        "MALICIOUS": 0,
        "SANE": 0,
        "VALID": 0,
        "total": 22286
    },
    "percentage": {
        "ACTIVE": 97.88207843489187,
        "INACTIVE": 2.1211576487506743,
        "INVALID": 0,
        "MALICIOUS": 0,
        "SANE": 0,
        "VALID": 0,
        "total": 100.00323608364253
    }
}