{
    "counter": {
        "ACTIVE": 18636,
        "INACTIVE": 378,
        "INVALID": 0,
        "MALICIOUS": 0,
        "SANE": 0,
        "VALID": 0,
        "total": 19014
    },
    "percentage": {
        "ACTIVE": 98.01199116440517,
        "INACTIVE": 2.0987174504469492,
        "INVALID": 0,
        "MALICIOUS": 0,
        "SANE": 0,
        "VALID": 0,
        "total": 100.11070861485213
    }
}