{
    "counter": {
        "ACTIVE": 24413,
        "INACTIVE": 647,
        "INVALID": 0,
        "MALICIOUS": 0,
        "SANE": 0,
        "VALID": 0,
        "total": 25060
    },
    "percentage": {
        "ACTIVE": 97.41819632881085,
        "INACTIVE": 2.582009737409211,
        "INVALID": 0,
        "MALICIOUS": 0,
        "SANE": 0,
        "VALID": 0,
        "total": 100.00020606622006
    }
}