{
    "counter": {
        "ACTIVE": 22382,
        "INACTIVE": 501,
        "INVALID": 0,
        "MALICIOUS": 0,
        "SANE": 0,
        "VALID": 0,
        "total": 22883
    },
    "percentage": {
        "ACTIVE": 97.81060175676267,
        "INACTIVE": 2.19486550424954,
        "INVALID": 0,
        "MALICIOUS": 0,
        "SANE": 0,
        "VALID": 0,
        "total": 100.0054672610122
    }
}