{
    "counter": {
        "ACTIVE": 3759,
        "INACTIVE": 19,
        "INVALID": 0,
        "MALICIOUS": 0,
        "SANE": 0,
        "VALID": 0,
        "total": 3778
    },
    "percentage": {
        "ACTIVE": 99.49708840656432,
        "INACTIVE": 1.958762886597938,
        "INVALID": 0,
        "MALICIOUS": 0,
        "SANE": 0,
        "VALID": 0,
        "total": 101.45585129316225
    }
}