{
    "counter": {
        "ACTIVE": 2965,
        "INACTIVE": 19,
        "INVALID": 0,
        "MALICIOUS": 0,
        "SANE": 0,
        "VALID": 0,
        "total": 2984
    },
    "percentage": {
        "ACTIVE": 99.3632707774799,
        "INACTIVE": 1.958762886597938,
        "INVALID": 0,
        "MALICIOUS": 0,
        "SANE": 0,
        "VALID": 0,
        "total": 101.32203366407784
    }
}