{
    "counter": {
        "ACTIVE": 26701,
        "INACTIVE": 963,
        "INVALID": 0,
        "MALICIOUS": 0,
        "SANE": 0,
        "VALID": 0,
        "total": 27664
    },
    "percentage": {
        "ACTIVE": 96.51894158473105,
        "INACTIVE": 3.4833248932937857,
        "INVALID": 0,
        "MALICIOUS": 0,
        "SANE": 0,
        "VALID": 0,
        "total": 100.00226647802484
    }
}