{
    "counter": {
        "ACTIVE": 14622,
        "INACTIVE": 167,
        "INVALID": 0,
        "MALICIOUS": 0,
        "SANE": 0,
        "VALID": 0,
        "total": 14789
    },
    "percentage": {
        "ACTIVE": 98.87078233822436,
        "INACTIVE": 1.1311297751286915,
        "INVALID": 0,
        "MALICIOUS": 0,
        "SANE": 0,
        "VALID": 0,
        "total": 100.00191211335306
    }
}