{
    "counter": {
        "ACTIVE": 16909,
        "INACTIVE": 340,
        "INVALID": 0,
        "MALICIOUS": 0,
        "SANE": 0,
        "VALID": 0,
        "total": 17249
    },
    "percentage": {
        "ACTIVE": 98.0288712389124,
        "INACTIVE": 1.9730733519034356,
        "INVALID": 0,
        "MALICIOUS": 0,
        "SANE": 0,
        "VALID": 0,
        "total": 100.00194459081584
    }
}