{
    "counter": {
        "ACTIVE": 25761,
        "INACTIVE": 794,
        "INVALID": 0,
        "MALICIOUS": 0,
        "SANE": 0,
        "VALID": 0,
        "total": 26555
    },
    "percentage": {
        "ACTIVE": 97.00997928826963,
        "INACTIVE": 2.991147108683368,
        "INVALID": 0,
        "MALICIOUS": 0,
        "SANE": 0,
        "VALID": 0,
        "total": 100.001126396953
    }
}