{
    "counter": {
        "ACTIVE": 11633,
        "INACTIVE": 19,
        "INVALID": 0,
        "MALICIOUS": 0,
        "SANE": 0,
        "VALID": 0,
        "total": 11652
    },
    "percentage": {
        "ACTIVE": 99.83693786474424,
        "INACTIVE": 1.958762886597938,
        "INVALID": 0,
        "MALICIOUS": 0,
        "SANE": 0,
        "VALID": 0,
        "total": 101.79570075134218
    }
}