{
    "counter": {
        "ACTIVE": 17029,
        "INACTIVE": 351,
        "INVALID": 0,
        "MALICIOUS": 0,
        "SANE": 0,
        "VALID": 0,
        "total": 17380
    },
    "percentage": {
        "ACTIVE": 97.98043728423475,
        "INACTIVE": 2.0207253886010363,
        "INVALID": 0,
        "MALICIOUS": 0,
        "SANE": 0,
        "VALID": 0,
        "total": 100.00116267283579
    }
}