{
    "counter": {
        "ACTIVE": 9475,
        "INACTIVE": 19,
        "INVALID": 0,
        "MALICIOUS": 0,
        "SANE": 0,
        "VALID": 0,
        "total": 9494
    },
    "percentage": {
        "ACTIVE": 99.79987360438172,
        "INACTIVE": 1.958762886597938,
        "INVALID": 0,
        "MALICIOUS": 0,
        "SANE": 0,
        "VALID": 0,
        "total": 101.75863649097965
    }
}