{
    "counter": {
        "ACTIVE": 23235,
        "INACTIVE": 555,
        "INVALID": 0,
        "MALICIOUS": 0,
        "SANE": 0,
        "VALID": 0,
        "total": 23790
    },
    "percentage": {
        "ACTIVE": 97.66708701134931,
        "INACTIVE": 2.336842105263158,
        "INVALID": 0,
        "MALICIOUS": 0,
        "SANE": 0,
        "VALID": 0,
        "total": 100.00392911661247
    }
}