{
    "counter": {
        "ACTIVE": 873,
        "INACTIVE": 15,
        "INVALID": 0,
        "MALICIOUS": 0,
        "SANE": 0,
        "VALID": 0,
        "total": 888
    },
    "percentage": {
        "ACTIVE": 98.3108108108108,
        "INACTIVE": 1.8703241895261846,
        "INVALID": 0,
        "MALICIOUS": 0,
        "SANE": 0,
        "VALID": 0,
        "total": 100.181135000337
    }
}