{
    "counter": {
        "ACTIVE": 14150,
        "INACTIVE": 134,
        "INVALID": 0,
        "MALICIOUS": 0,
        "SANE": 0,
        "VALID": 0,
        "total": 14284
    },
    "percentage": {
        "ACTIVE": 99.06188742649118,
        "INACTIVE": 0.9394279304542905,
        "INVALID": 0,
        "MALICIOUS": 0,
        "SANE": 0,
        "VALID": 0,
        "total": 100.00131535694547
    }
}