{
    "counter": {
        "ACTIVE": 19901,
        "INACTIVE": 378,
        "INVALID": 0,
        "MALICIOUS": 0,
        "SANE": 0,
        "VALID": 0,
        "total": 20279
    },
    "percentage": {
        "ACTIVE": 98.13600276147739,
        "INACTIVE": 2.0987174504469492,
        "INVALID": 0,
        "MALICIOUS": 0,
        "SANE": 0,
        "VALID": 0,
        "total": 100.23472021192434
    }
}