{
    "counter": {
        "ACTIVE": 12346,
        "INACTIVE": 19,
        "INVALID": 0,
        "MALICIOUS": 0,
        "SANE": 0,
        "VALID": 0,
        "total": 12365
    },
    "percentage": {
        "ACTIVE": 99.84634047715325,
        "INACTIVE": 1.958762886597938,
        "INVALID": 0,
        "MALICIOUS": 0,
        "SANE": 0,
        "VALID": 0,
        "total": 101.80510336375119
    }
}